,è§†é¢‘æ ‡é¢˜,è§†é¢‘åœ°å€,ä½œè€…,ç»¼åˆå¾—åˆ†,æ’­æ”¾æ•°,å¼¹å¹•æ•°,æŠ•å¸æ•°,ç‚¹èµæ•°,ç‚¹è¸©æ•°,åˆ†äº«æ•°,æ”¶è—æ•°
0,ä¸‰å›½æ—¶æœŸä½¿ç”¨æ³¨å°„å™¨ç”»é¢æ›å…‰,https://www.bilibili.com/video/BV1XL4y1q7rZ,å¥³å­©ä¸ºä½•ç©¿çŸ­è£™,1620864,1040906,3387,34907,100526,0,9235,23229
1,ã€Šå“¥è°­å™©æ¢¦ã€‹æœ€ç¦»è°±ç‰ˆæœ¬,https://www.bilibili.com/video/BV1JF411Y7GG,ç¢§å¤©è“é’»,892249,766169,497,6127,40323,0,1821,7924
2,è®©è€ç•ªèŒ„é™·å…¥å°´å°¬,https://www.bilibili.com/video/BV1xS4y1d7sk,æœˆçµç‚³æ›œ,876459,782176,280,4517,57816,0,2077,4680
3,âš¡æ°å“¥å»å“ªå„¿âš¡,https://www.bilibili.com/video/BV1av411M7PE,é¸¡é¸¡Â·å¤«æ–¯åŸº,825287,562220,1578,25308,48237,0,8673,19763
4,æˆ‘å¥½ä¸å®¹æ˜“ç„¯ä¸€æ¬¡èœ..,https://www.bilibili.com/video/BV1tf4y1T7WJ,ä¸€åªé˜¿æ©,606114,490990,475,4170,39607,0,3339,9394
5,EDGå¤ºå† â€”â€”äºšæ‰˜å…‹æ–¯æœ‰è¯è¦è¯´ï¼ï¼ï¼,https://www.bilibili.com/video/BV14F411Y7Ja,æè‡´å¿«ä¹çš„å°åŠæ²,550611,568055,802,8808,44171,0,8821,10388
6,ç„¯ é¬¼ è®º æˆ˜,https://www.bilibili.com/video/BV1ER4y1E7Ez,å‘é„™çš„å—ç“œéª¨å¤´,455926,3619206,3215,58027,228848,0,35991,66979
7,ã€åˆ˜åº¸ã€‘è¿™é‡Œæ²¡æœ‰ç«¥è¯é•‡,https://www.bilibili.com/video/BV1QF411a7oz,-èƒ¡è±å…‹ä¿®æ–¯-,455278,201050,676,13602,16617,0,691,5034
8,S 1 1 æ€» å†³ èµ› é™· å…¥ äº† å°´ å°¬,https://www.bilibili.com/video/BV1Rb4y1879j,ä½ çš„ç¡¬å¸æ˜¯æˆ‘dioå“’,430881,690214,330,4294,39455,0,9921,5281
9,æ˜¯ æ–° é±¿ æˆ å–” ï¼,https://www.bilibili.com/video/BV1AR4y1t7NQ,å¿«ä¹é˜¿ä¾,387922,227977,431,3083,21053,0,1119,5332
10,å®Œ ç¾ å¤ ä»‡ è®¡ åˆ’,https://www.bilibili.com/video/BV1cL411u7g4,é˜¿æ”¸ä¸¶,358833,148577,445,5331,16598,0,1251,4932
11,æ£ è›‹ é¬¼,https://www.bilibili.com/video/BV1H44y147A7,ä¸€å¤§ç­ä¼šé£çš„è‰è“,343842,5693017,4193,336764,611140,0,47738,208384
12,ç”¨ åŠ› è¿‡ çŒ›,https://www.bilibili.com/video/BV1vU4y1g74Z,ä¼Šä»‹ä¹¦ç”Ÿ,323271,367118,274,1679,23332,0,850,5633
13,è•‰â™‚è¾…å¯¼ ğŸ’ƒğŸ»,https://www.bilibili.com/video/BV17L411u7gX,ç‹æ€å¦‡ä¸¶,264263,104239,496,3623,17757,0,919,2572
14,æ‰˜ å„¿ ç´¢ è¯´ å”±,https://www.bilibili.com/video/BV1c34y1Z7YD,å“¦å‘¼w,257055,573317,446,12630,45517,0,3644,10219
15,âš¡æ° å“¥ ä¸ è¦âš¡æœ€éªšç‰ˆ,https://www.bilibili.com/video/BV113411b7pP,è¿œå‚å¡”å°”,241733,136339,287,2721,9857,0,1220,3135
16,å»ç»™ä»–ä¸¤è€³å…‰ï¼Œè®©ä»–ä»¥åé•¿é•¿è®°æ€§,https://www.bilibili.com/video/BV13g411K74r,Adolä½™æ¨‚,241265,1222830,1684,8937,54619,0,7579,11918
17,EDGé›¶å…ƒè´­ï¼Œä½†æ‹¿çš„æ˜¯S11å† å†›ï¼,https://www.bilibili.com/video/BV1GF411Y7ZE,ä¸æœæ°”çš„ä¸‰å¥½é’å¹´,240927,230046,799,1804,13917,0,1401,1481
18,èŠœæ¹–è€å…µï¼ŒèƒŒèµ·äº†è¡Œå›Š,https://www.bilibili.com/video/BV1nF411a7oY,ä¸Šæµ·æ»©è®¸Vanå¼º,238975,701956,467,7022,50688,0,2359,4871
19,æ¯ è¯­ å çº§,https://www.bilibili.com/video/BV1eh411t7Y9,æ¨èƒŒå…”ã®,229132,221937,133,379,3415,0,25,284
20,èŠœæ¹–é’¢ç´å¸ˆ,https://www.bilibili.com/video/BV1D34y1m7Lz,phlight,223560,3729577,4637,135158,258661,0,70429,88261
21,äººç±»é«˜è´¨é‡è½¦è½½éŸ³ä¹,https://www.bilibili.com/video/BV1nf4y1T7xL,å€’æ‚¬çš„æ©˜å­,216151,135885,205,1266,12936,0,169,798
22,âš¡âš¡ä»€ä¹ˆå«ä¸ç ´ä¸ç«‹å•Šâš¡âš¡,https://www.bilibili.com/video/BV1GU4y1M7jc,é‡‡ç´«è‘³çš„å‡Œéœ„å­,211426,141787,287,6539,11860,0,452,3586
23,ç„¯å®â€”â€”ä¸€æ¬¾çœŸæ­£å°´å°¬çš„æ™ºèƒ½è¯­éŸ³,https://www.bilibili.com/video/BV1SL4y1i7VQ,é‡‘æ¸å±‚çƒ¤çŒª,208714,785754,1949,13547,61874,0,10798,18273
24,ã€å®˜æ–¹é¬¼ç•œã€‘âš¡é¡¶ ä¸ ä½ äº†âš¡,https://www.bilibili.com/video/BV1dr4y1C7Vf,äº¬ä¸œ,184528,60306,859,1089,6278,0,3055,6062
25,äº¬  å°  é«˜  é“         ã€Train Simulatorã€‘,https://www.bilibili.com/video/BV1DR4y1J7dx,è§£é¢˜æ–¹æ¡ˆ,180947,1600497,2926,36796,156161,0,11818,42194
26,è‡ª æˆ‘ æ‰¹ åˆ¤,https://www.bilibili.com/video/BV1FL411x7HC,èŒ¶å’©cc,170299,6837914,3651,42972,249721,0,25670,85382
27,é™‹â™‚å®¤é“­,https://www.bilibili.com/video/BV1eL411u7Af,Deepçˆ†,168886,128987,276,4393,9830,0,3271,4708
28,å¤´ è„‘ é£ æš´,https://www.bilibili.com/video/BV1YU4y1u75i,å°æ¶…R,168142,1356235,1026,3350,74756,0,2554,14590
29,ç„¯çº§å™©æ¢¦ï¼ˆè¶Šæ¥è¶Šç¦»è°±ï¼‰,https://www.bilibili.com/video/BV1e34y1o7ov,lilinéŸ©,151006,239468,289,2816,19786,0,2235,4896
30,æˆ‘ å¥½ ä¸ å®¹ æ˜“ æ‹‰ ä¸€ æ¬¡,https://www.bilibili.com/video/BV1d3411b7qq,æˆ‘å«å°æ¸”äºº,142867,74678,158,530,7858,0,664,1326
31,åˆ˜ åº¸ å®‡ å®™,https://www.bilibili.com/video/BV1B34y1Z7nR,IZHANGä¸¶,126066,115789,61,549,10114,0,943,1399
32,ã€åˆ˜åº¸ã€‘âš¡ï¸çº¢è£…âš¡ï¸,https://www.bilibili.com/video/BV1dL4y1B7Yj,æ½®æ±å°±æ˜¯å°å¤ªé˜³,124654,1470615,2991,117965,121061,0,9882,43272
33,ä¹° æœº æœº é€ è€ äºº,https://www.bilibili.com/video/BV1TL411u7Wb,è±¡å¾è‡ªç”±çš„Vanå›,116325,125213,456,2286,7727,0,1269,4526
34,å°´ å°¬ å…¥ ç‹±,https://www.bilibili.com/video/BV1XQ4y1q7zE,KMäºŒå·,111560,1172974,920,9536,66126,0,5201,15747
35,ä¸–é—´çœŸæœ‰å­™å¤§åœ£å—ï¼Ÿ,https://www.bilibili.com/video/BV1Yr4y117RX,çº¢è±†ç¨€é¥­ä¸­,109602,313449,704,14211,33009,0,577,10534
36,æ•™ å­¦ äº‹ æ•…,https://www.bilibili.com/video/BV1ZR4y1J7dJ,çŒªæ’æ´¾,108615,2312524,1751,11270,108132,0,4348,29851
37,Super Pen-Sus,https://www.bilibili.com/video/BV1NF411Y7UR,TÃ˜m,108451,47588,1584,1354,6738,0,125,842
38,è¾½åŒ—ç‹ äººä¼šè§å®‹è€è™,https://www.bilibili.com/video/BV1bg411K7tE,åšå¥½åº·ä¸œè¥¿çš„èŒæ–°,105054,65701,188,919,2997,0,598,974
39,âš¡è¨ æ—¥ æœ—ï¼ï¼ï¼âš¡,https://www.bilibili.com/video/BV15L411p7M8,å¤œé›¨æ˜Ÿç¹y,102475,30044535,58166,944169,1537275,0,292295,704590
40,å–äº†105æ¯èŠ¦èŸæ±çš„ä½ ,https://www.bilibili.com/video/BV1DQ4y1q79h,å†°ç»,101610,1926583,1617,44906,109382,0,14903,31259
41,ã€å·æ™®ã€‘å¤§ å æ´¾  ã€æ¼”å¥é¬¼æ‰Ziikosã€‘,https://www.bilibili.com/video/BV1AP4y157GJ,æ¼”å¥é¬¼æ‰Ziikos,99784,44363,78,2185,6023,0,177,857
42,ç¡¬ æ ¸ æ•™ å­¦,https://www.bilibili.com/video/BV1ju411f7ZG,æªå¼¹è½¨è¿¹,99509,2711865,2628,18005,254137,0,4207,46447
43,âš¡ä½  å´ è®© æˆ‘ è¾“ çš„ è¿™ ä¹ˆ å½» åº•âš¡,https://www.bilibili.com/video/BV1SU4y1F7xs,ç‘æµ”Sabri,98835,2540603,7391,29978,124407,0,11913,44030
44,æœ‰ æ±‚ å¿… åº”,https://www.bilibili.com/video/BV1yv411u7cq,å¤©å¤©ä¹°ç“œ,98661,1044287,1944,23341,83941,0,7259,25748
45,ç„¯ç„¯ç„¯ç„¯ç„¯ç„¯ç„¯ç„¯!,https://www.bilibili.com/video/BV1x3411y7J9,ãŠã‚†ã‚†,97928,2405855,2937,15969,105177,0,17326,32119
46,ã€ç½—ç¿”ã€‘æ™´å¤©,https://www.bilibili.com/video/BV1z44y1i7wq,ç„¦ç³–è‚¾å®ç‰‡,93825,396769,647,8030,24907,0,1148,4690
47,æ¥šäº‘é£ç©¿è¶Šä¸‰å›½ï¼ŒåŠ©å•å¸ƒå¹²ç¿»æ›¹æ“,https://www.bilibili.com/video/BV1Zf4y1g7xM,é—²äºº1943,91395,939724,2403,22361,65717,0,9949,18752
48,è´µ ç‰© è™« ç—” 5,https://www.bilibili.com/video/BV1N3411C7jY,è´µç‰©è™è™ä¾ ,88970,42909,118,1296,3570,0,608,988
49,Guraï¼šâ€œè¿™æ˜¯ä½ çš„æ—¶é—´å¾ªç¯å—ï¼Ÿâ€ Kroniiï¼šï¼Ÿ,https://www.bilibili.com/video/BV1kr4y1C7kK,imaizumi_aika,88312,54667,11,171,4006,0,229,1827
50,æ•´æ¡é©¬è·¯éƒ½é™·å…¥äº†å°´å°¬,https://www.bilibili.com/video/BV1jL4y1v7bk,æ©™æŸ,88192,46362,104,301,4762,0,177,798
51,ã€ç”µæ£ã€‘åŒåŸä¹‹æˆ˜ä¸»é¢˜æ›²â™¿Enemy,https://www.bilibili.com/video/BV1sh411t7Gk,æ¬ å€ºè°ƒéŸ³ç‹®,86940,46023,124,1615,2881,0,1155,917
52,ã€ç½—ç¿”ã€‘ç«¥è¯é•‡,https://www.bilibili.com/video/BV1bz4y1r7Ug,æ ¸åŠ¨åŠ›è·¯ç¯,84171,16016252,33117,1470342,1491762,0,137779,781314
53,æ¬ºè´Ÿä¸€åªèŒ„å­,https://www.bilibili.com/video/BV15r4y117sM,å¢¨è²potato,83816,1221089,447,10260,70643,0,5811,14363
54,æœ‰ä¸ºé’å¹´-ç‹å–œé¡º,https://www.bilibili.com/video/BV1Z34y1U7za,æ™šç»¿å¤§é­”ç‹,83768,1670074,530,34188,80022,0,21179,36103
55,å­¦ä¸å­¦å§ä½ ,https://www.bilibili.com/video/BV153411k7eg,èŠå£«å±€,83459,569081,694,13775,45602,0,2093,14806
56,æŸä¸‹åŒ—æ³½å°ä¼™å–é€€ç™¾ä¸‡æ›¹å…µ,https://www.bilibili.com/video/BV1Ub4y18725,wifiæ²¡æœ‰ä¿¡å·,76909,46064,112,254,2857,0,677,736
57,24å² æ˜¯è‹±é›„è”ç›ŸSèµ›å† å†›,https://www.bilibili.com/video/BV1YS4y1d7xn,è¿›å‡»ã®Andyå›,70875,51218,42,199,1893,0,428,521
58,ã€æ´¾å¤§æ˜Ÿçš„ç‹¬ç™½ã€‘ä¸€ä¸ªå…³äºæ­£å¸¸äººçš„æ•…äº‹,https://www.bilibili.com/video/BV1qt411j7fV,æ´›æ¸©é˜¿ç‰¹é‡‘æ£®,70004,70616557,372264,4605889,4460372,0,927458,3102692
59,ç“œ ä¾,https://www.bilibili.com/video/BV1yf4y1u7pX,æ‰“ä¸å€’ã®è¥¿æ’’,69321,50595,93,525,4535,0,283,1319
60,ã€çˆ†ç¬‘å¹¿å‘ŠRAPã€‘è¿™å¹¿å‘Šæ¯”ç”µè§†è¿˜è¦å¥½çœ‹ï¼Ÿ12.0,https://www.bilibili.com/video/BV1Eq4y1379U,èŸ¹èŸ¹ç¹ç¹,69179,30402,191,459,3126,0,130,1082
61,ğŸ’€æ¤ ç‰© å¤§ ç„¯ åƒµ å°¸ğŸ’€,https://www.bilibili.com/video/BV1i34y1Z7pP,é˜¿æ‹‰æ–¯åŠ æ¾,68243,109902,557,684,11589,0,479,2506
62,ã€ä¸ƒæµ·ã€‘ğŸ¦ˆä¸‰å‰ªä¸€éƒ½ybbğŸ¦ˆ,https://www.bilibili.com/video/BV1zU4y1g751,å­¦æ¸£åªèƒ½è¯´ä¸€å¥èŠ±Q,68075,97886,93,2890,7053,0,1380,2869
63,ç”µæ£:ç™½é“¶é©¬â™¿,https://www.bilibili.com/video/BV1Gq4y1k7gZ,HomasWSC,67101,40593,192,687,1853,0,746,644
64,ã€DNAé‡ç»„ã€‘å›½ é™… æ‚ åŒª,https://www.bilibili.com/video/BV1ZL411g7GG,è—¤åŸå®‡ä¹‹,65560,1242410,1138,12679,41885,0,1116,20837
65,ã€Šç†Šç•œæ²¡ã€‹  â€œæ„å¤§åˆ©ç‚®â€,https://www.bilibili.com/video/BV1Z54y1C7xe,çˆ±çŒ«çš„é¢œé¸¢,65133,16843509,45675,76042,178606,0,25599,107019
66,æ­¦ åŠ› æ•™ å­¦,https://www.bilibili.com/video/BV1gT4y1o7SU,ABé²œ,65120,2360338,1688,9785,93720,0,5091,27352
67,ã€çº¢æ¥¼æ¢¦ã€‘shake it off,https://www.bilibili.com/video/BV1Bb4y187BB,æ°§å…ˆæ£®,65051,223998,646,10403,24933,0,1714,6252
68,ã€åå†œå…„å¼Ÿã€‘ä¼¤å¿ƒçš„äººåˆ«å¬æ…¢æ­Œ,https://www.bilibili.com/video/BV19v411T7gK,å¤œæ•£é’ä¸,64993,124131,262,5669,10686,0,260,1488
69,ã€ç†Šç•œæ²¡ã€‘ç¬¬ä¸€é›†ï¼šå¼±çˆ†äº†çš„å´å…‹,https://www.bilibili.com/video/BV1C44y1y7jm,æ˜¯å°æ•–åŒå­¦,64230,2854573,1877,5401,36497,0,1295,12645
70,äº” å½± ä¼š è°ˆ,https://www.bilibili.com/video/BV1cq4y137Vy,å¦–å¦–å¦–å¦–é’,62147,38399,93,316,2592,0,311,489
71,å…«  ä»™  è¿‡  æµ·,https://www.bilibili.com/video/BV1if4y1c7CR,ä¸‡çµç¼åˆå‚,61737,1833374,2331,17057,185292,0,8875,44691
72,ã€æ˜¥æ™šé¬¼ç•œã€‘èµµæœ¬å±±ï¼šæˆ‘å°±æ˜¯å¿µè¯—ä¹‹ç‹ï¼ã€æ”¹é©æ˜¥é£å¹æ»¡åœ°ã€‘,https://www.bilibili.com/video/BV1bW411n7fY,UP-Sings,61369,85912204,561329,3408816,3606944,0,1200237,2396638
73,ä½  æ˜¯ æˆ‘ å¿ƒ å†… çš„ ä¸€ ç†Ÿ ç“œğŸ‰,https://www.bilibili.com/video/BV1cR4y1t7Mu,éªå°Šé­”ç‹,61188,25984,157,1040,2454,0,244,741
74,è´¾æ–¯æ±€ Â· é€‰è´­,https://www.bilibili.com/video/BV1cq4y1k7gf,æ³·å­ä¸¶,61092,74591,80,2289,4930,0,1009,1797
75,ã€é€Ÿdoorä¸æ¿€æƒ…ã€‘see you againâ™‚,https://www.bilibili.com/video/BV1rh411b7kG,å‡‰æ‹Œè²èœ,60137,549534,1085,20827,56759,0,5016,24242
76,ã€è¶Šæ¥è¶Šç¦»è°±ç³»åˆ—ã€‘ã€Šé¡ºæ‰‹ç‰µç¾Šã€‹,https://www.bilibili.com/video/BV1x3411C7PL,èŠ’æœè˜¸æ²™æ‹‰,58719,3307993,3795,69021,216925,0,15758,76025
77,ã€å˜‰ç„¶ã€‘ç»¿åç„¶â˜…å›¾å›¾ä½ å…¨å®¶,https://www.bilibili.com/video/BV15q4y137iz,ä¹é’æŸ FVIO,58108,29992,108,1559,2935,0,554,1630
78,ä»–çœ‹èµ·æ¥æ€ä¹ˆæœ‰ç‚¹æ½®,https://www.bilibili.com/video/BV13T4y197y2,ä¸€åªèƒ–å¤´é±¼o,57108,118849,53,484,4638,0,314,431
79,å½“åˆ˜åº¸é‡ä¸Šé“å¾·ç»‘æ¶,https://www.bilibili.com/video/BV1yr4y1y7RJ,ç™½ç†ŠONEãƒ½,57030,674015,617,3513,42495,0,1816,5940
80,å®  ç‰© å° é‡‘ è½®,https://www.bilibili.com/video/BV1Z3411r7CR,æ™ç­–å»æœˆå…‰æ—åœ°äº†,56029,355562,464,16573,28703,0,5901,8899
81,lost oneã®ç›¸æ¯”,https://www.bilibili.com/video/BV1pT4y197C8,æ‰¶æ kencorn,55023,19994,94,1121,2062,0,393,716
82,è¯¾ å ‚ å« é†’ æœ åŠ¡,https://www.bilibili.com/video/BV16A411K7Cn,è‡ªåŠ¨é¬¼ç•œä¸­çš„WZ,53568,18362551,14986,519411,1110059,0,426208,587576
83,ç‹å¦ƒï¼ŒæŠŠä¸‰å¼¦æ‹¿æ¥,https://www.bilibili.com/video/BV1Sq4y1g7oo,ç„¦å¤§ä»™å•Š,52263,115388,161,3071,8238,0,726,1748
84,å¥³ å­© å­ ä¸º ä½• æƒ³ å¹² æ´»,https://www.bilibili.com/video/BV14F411Y7RQ,çº¦è°ˆäººå‚,51225,117740,216,1457,13782,0,462,2944
85,æ•° ä¸ èƒœ æ•°,https://www.bilibili.com/video/BV1Gv411g77k,é­”éª‘å¢¨å¥‡,50805,2507565,733,7020,103717,0,10393,28384
86,ã€ç‰¹æ•ˆå‘ã€‘å¶ é—® æ˜¯ å–° ç§âš¡,https://www.bilibili.com/video/BV1LP4y1j7h4,Dukeè‚ç¢äº†,50170,51985,431,264,4827,0,145,542
87,â›“ï¸ å“¥  è°­  éƒ½  å¸‚  ä¼   è¯´ â›“ï¸,https://www.bilibili.com/video/BV1uh411t7QS,å¸¦å¸¦å°†å†›,49618,420438,284,823,6932,0,166,3314
88,ã€EDGå¤ºå† è´ºæ›²ã€‘æ–°ç‹ç™»åŸºï¼Œä¸ç ´ä¸ç«‹ï¼,https://www.bilibili.com/video/BV1ZQ4y1S7e9,AT-15A,49424,30064,42,938,2297,0,70,515
89,ã€å°å…”è€å¸ˆã€‘Vtuberä¸€é—®ä¸€ç­”è‡ªæˆ‘ä»‹ç»,https://www.bilibili.com/video/BV1oP4y1L7Tw,æˆ‘ä¸æ˜¯é’ä¸,48933,213211,239,1032,16774,0,285,2130
90,å å¼º æ¸¸ æˆ,https://www.bilibili.com/video/BV1vq4y197qM,çƒ‚æ¢—æœ‰ç‚¹çƒ‚,48586,1552515,1138,3040,58941,0,2320,9731
91,ç›´ æ’­ é€ æ•…,https://www.bilibili.com/video/BV1vR4y1E7po,æš´èºå°çŒªw,47553,24803,97,178,2014,0,73,583
92,ã€å¤§å¸é©¬ã€‘è½®å·é£ - èµ·é£æ¥çš„å¤ªå¿«å°±åƒè½®å·é£,https://www.bilibili.com/video/BV1pf4y1T7h9,å¼€æœºå†™bug,47466,25182,67,778,1915,0,140,388
93,å¯¼ å¸ˆ å¯¹ å†³,https://www.bilibili.com/video/BV1Tq4y1G78r,åŸæ¸¸è¯—äººçŒ©çŒ©å“¥,46820,834684,345,924,19627,0,748,2320
94,âš¡ çˆ± æƒ… ä¹° å– âš¡,https://www.bilibili.com/video/BV1Ku411f7Qf,ä¸‰é¡§èŒ…æˆ¿,46557,1226437,4008,52893,97728,0,12803,33042
95,ã€ç‰¹æ•ˆå‘ã€‘å¥‡å¼‚å”åƒ§ å¦‡è”ç¯‡,https://www.bilibili.com/video/BV1P34y1Z7Jm,éé…‹å°è¾£æ¤’,46457,183858,204,953,11301,0,728,1433
96,ç”µæ£:Destrâ™¿yer,https://www.bilibili.com/video/BV1s44y1e75g,æ–‡å®‡6868,46294,20430,122,608,1709,0,228,454
97,ã€è´¾é˜Ÿé•¿ æœ±æ—¶èŒ‚ã€‘ä¸»è§’ä¸é…è§’ï¼ˆåŸç‰ˆæ— è¯¯ï¼‰,https://www.bilibili.com/video/BV1ur4y1C7oU,æå¤§æœ¬äº‹2333,46053,699462,453,21788,36161,0,3509,6944
98,å¯¹ç‹ä¹‹ç‹åˆ˜åº¸â€”â€”æ†èŒç”±èƒƒç”Ÿï¼,https://www.bilibili.com/video/BV19P4y1t7Dn,é£äº‘ç†Š,45897,761738,1066,7875,50987,0,2815,7445
99,ã€ç‰¹æ•ˆå‘ã€‘åƒµå°¸æ¸¸æˆä¹‹ç¦»ç¦»åŸä¸Šè°±ï¼ˆä¸‹ï¼‰,https://www.bilibili.com/video/BV1mq4y1g7Tw,ä¸­2çš„æ˜Ÿé”,44750,77785,15,78,586,0,82,123
